epoch,avg_train_mae
1,0.16600582409831433
2,0.09030691988367943
